<?xml version="1.0" encoding="UTF-8"?>
<beans xmlns="http://www.springframework.org/schema/beans"
	xmlns:xsi="http://www.w3.org/2001/XMLSchema-instance" 
	xmlns:p="http://www.springframework.org/schema/p"
	xmlns:context="http://www.springframework.org/schema/context"
	xmlns:mvc="http://www.springframework.org/schema/mvc"
	xsi:schemaLocation="  
        http://www.springframework.org/schema/beans  
        http://www.springframework.org/schema/beans/spring-beans.xsd  
        http://www.springframework.org/schema/mvc  
        http://www.springframework.org/schema/mvc/spring-mvc.xsd  
        http://www.springframework.org/schema/context  
        http://www.springframework.org/schema/context/spring-context.xsd
        http://www.springframework.org/schema/mvc
        http://www.springframework.org/schema/mvc/spring-mvc.xsd
        ">

	<!-- 控制器组件扫描 -->
	<context:component-scan base-package="cn.itcast.dw.realtime" use-default-filters="false">
		<context:include-filter type="annotation" expression="org.springframework.stereotype.Controller" />
	</context:component-scan>
	
	<!-- 启动注解驱动，支持对象与json的转换。 -->
	<mvc:annotation-driven>
		<mvc:message-converters>
			<bean class="com.alibaba.fastjson.support.spring.FastJsonHttpMessageConverter" />
		</mvc:message-converters>
	</mvc:annotation-driven>
	
	<!-- 欢迎页控制 -->
	<mvc:view-controller path="/" view-name="index"/>
	
	<!-- 静态资源访问 -->
	<mvc:resources location="/WEB-INF/resources/" mapping="/res/**" />
	
	<!-- 视图解析器 -->
	<bean id="jspViewResolver"
		class="org.springframework.web.servlet.view.InternalResourceViewResolver">
		<property name="order" value="1"/>  
		<property name="prefix" value="/WEB-INF/resources/pages/" />
		<property name="suffix" value=".jsp"></property>
	</bean>
	
</beans>  